[
    {
        "path": "filza://",
        "description": "مسار",
        "isSelected": true
    },
    {
        "path": "/var/mobile/Library/Saved Application State/com.tigisoftware.ADManager.savedState",
        "description": "مسار",
        "isSelected": true
    },
    {
        "path": "/var/mobile/Library/SplashBoard/Snapshots/com.tigisoftware.ADManager",
        "description": "مسار",
        "isSelected": true
    },
    {
        "path": "/var/mobile/Library/ADManager",
        "description": "مسار",
        "isSelected": true
    },
    {
        "path": "/var/mobile/Library/Filza",
        "description": "مسار",
        "isSelected": true
    },
    {
        "path": "/var/mobile/Library/Caches/com.tigisoftware.Filza",
        "description": "مسار",
        "isSelected": true
    },
    {
        "path": "/var/mobile/Library/HTTPStorages/com.tigisoftware.Filza",
        "description": "مسار",
        "isSelected": true
    },
    {
        "path": "/var/mobile/Library/Saved Application State/com.tigisoftware.Filza.savedState",
        "description": "مسار",
        "isSelected": true
    },
    {
        "path": "/var/mobile/Library/Preferences/com.tigsoftware.Filza.plist",
        "description": "مسار",
        "isSelected": true
    },
    {
        "path": "/var/mobile/Library/Application Support/Containers/com.tigisoftware.Filza",
        "description": "مسار",
        "isSelected": true
    },
    {
        "path": "/var/mobile/Library/SplashBoard/Snapshots/com.tigisoftware.Filza",
        "description": "مسار",
        "isSelected": true
    }
]